# 8MB A/B OTA — SHARED CANONICAL table (template, PoC-headless, bboink-cardputer,
# bb-portal). Same partition NAMES as the 16MB table so a switch lands compatibly;
# bulk data goes in "littlefs" (mount by LABEL). bboink needs spiffs (config)+coredump.
# Name,     Type, SubType,  Offset,   Size,     Flags
nvs,        data, nvs,      0x9000,   0x5000,
otadata,    data, ota,      0xe000,   0x2000,
app0,       app,  ota_0,    0x10000,  0x300000,
app1,       app,  ota_1,    0x310000, 0x300000,
spiffs,     data, spiffs,   0x610000, 0x60000,
coredump,   data, coredump, 0x670000, 0x10000,
littlefs,   data, spiffs,   0x680000, 0x180000,
